<?xml version="1.0" encoding="UTF-8"?>
<configuration>

	<appender name="STDOUT" class="ch.qos.logback.core.ConsoleAppender">
		<layout class="ch.qos.logback.classic.PatternLayout">
			<Pattern>
				%d{yyyy-MM-dd HH:mm:ss.SSS} %-5level %t \(%line\) %logger{36}  - %msg%n
			</Pattern>
		</layout>
	</appender>

	<!-- Send logs to both console and file audit -->
	
 	<logger name="com.marriott.rms.admin" level="INFO">
 	</logger>
 	
	<root level="ERROR">
		<appender-ref ref="STDOUT" />
	</root>
	<root level="INFO">
		<appender-ref ref="STDOUT" />
	</root>



 	
    
	

</configuration>